,Band 0 (MHz),Band 1 (MHz),Band 2 (MHz),Band 3 (MHz),Band 0 unc (MHz),Band 1 unc (MHz),Band 2 unc (MHz),Band 3 unc (MHz),RydDressPower (dBm)
0,-124.49626743986039,-140.55212721590718,-152.9342222380534,-156.08186765546765,0.268477285305902,0.5902378855655795,1.0038024950366897,1.197380779037223,-16
1,-149.49358941007853,-167.45363148508662,-179.91109666942157,-184.31349586817262,0.2502128293818855,0.5067184977008163,0.687962481981876,0.8203427526605849,-15
2,-179.26218173346567,-199.356730085601,-212.01277727310523,-217.03336914834566,0.20442272407050213,0.4894569558773358,0.7618131229448555,0.902980293488464,-14
3,-212.21601556554262,-234.00460167581926,-246.46785284071902,-256.09029734268245,0.2578902277279037,0.5658479720350253,0.8474367545997267,1.0418382369166492,-13
4,-251.97118154326486,-274.9496614297004,-288.6741737246827,-302.3354086907329,0.2516617924579582,0.6588037527966695,1.1359848673554505,1.4328894107172612,-12
5,-296.6186979117037,-319.8989497263797,-335.8901831801342,-354.6866513555792,0.19173046605652314,0.4032839724179841,0.6103602030266173,0.7627049024800856,-11
6,-347.75195158036786,-371.4609303844576,-390.28510788608946,-416.51868375009855,0.22770191942943405,0.525198427926341,0.7947825839283261,0.997588662614515,-10
7,-410.9953366782423,-435.880662022565,-458.28901534440433,-489.5861195054749,0.3020087806004035,0.5710175982862791,0.9935700505846926,1.3894211713771254,-9
8,-476.86860359480374,-501.7941174277364,-526.9435417978044,-569.9777820564284,0.3986788170940584,0.8306589129519016,1.2813060961086973,1.5639270411104444,-8
