,Band 0 (MHz),Band 1 (MHz),Band 2 (MHz),Band 3 (MHz),Band 0 unc (MHz),Band 1 unc (MHz),Band 2 unc (MHz),Band 3 unc (MHz),RydDressPower (dBm),Measured Dressing Power (arb),Measured Dressing Power std (arb)
0,-4.956591733136889,-4.956591733136889,-10.633602035487037,-10.633602035487037,0.35587406366249646,0.35587406366249646,0.3739435787861698,0.3739435787861698,-30,-0.6605800473790322,0.01778242827496072
1,-6.963661042023993,-6.963661042023993,-14.21647924951224,-14.21647924951224,0.302941543887729,0.302941543887729,0.2960466174980419,0.2960466174980419,-29,-0.8842418548387097,0.015990707625361075
2,-9.38047189696696,-9.38047189696696,-16.85073030700034,-16.85073030700034,0.352222245062466,0.352222245062466,0.393221672586063,0.393221672586063,-28,-1.1205119596774193,0.014668001238017522
3,-12.166096941882621,-12.166096941882621,-21.138338745857574,-21.138338745857574,0.26809380682675593,0.26809380682675593,0.2740210362154125,0.2740210362154125,-27,-1.4010619052419355,0.02238262266989691
4,-15.916389390358894,-15.916389390358894,-26.289985846313392,-26.289985846313392,0.20619611857310535,0.20619611857310535,0.24312225644396754,0.24312225644396754,-26,-1.7484332762096775,0.015450876984947818
5,-19.670674995238436,-19.670674995238436,-31.977138524826124,-31.977138524826124,0.37817535528432317,0.37817535528432317,0.462273896621346,0.462273896621346,-25,-2.1372393447580644,0.021274733526842723
