,Band 0 (MHz),Band 1 (MHz),Band 2 (MHz),Band 3 (MHz),Band 0 unc (MHz),Band 1 unc (MHz),Band 2 unc (MHz),Band 3 unc (MHz),RydDressPower (dBm),Measured Dressing Power (arb),Measured Dressing Power std (arb)
0,-255.781981400994,-278.002536364256,-292.1837005400693,-306.2531855636733,0.20465195370390926,0.4689893507705094,0.7126543176666892,0.8541648008975989,-12,-18.094656366723257,0.022452108501263272
1,-299.1065100333009,-321.8905038406475,-338.15310005130544,-357.5348435392736,0.20602126985120123,0.43993184578268574,0.7437465453689988,0.9595910634516898,-11,-20.68835837011884,0.026662021740096
2,-349.6329721421936,-373.1624843133537,-391.55733141550803,-417.46052748803294,0.29910842081001654,0.5569850929840399,0.7921719414624481,0.9994533922069977,-10,-23.702685195246172,0.022318880982829175
3,-413.0380253158049,-434.81680278626726,-457.3082541562111,-491.572471649681,0.3187592545551602,0.7011799168727407,1.0237421559524775,1.2644465475305677,-9,-27.303467572156197,0.05557812149673031
4,-479.0349082911697,-504.3113014503165,-530.6370912253077,-571.9850047803959,0.3238468634398336,0.5770125169044237,0.8943478294079797,1.1619685974683789,-8,-31.121158302207128,0.020589842004921668
5,-552.6233962473252,-578.7756218605529,-609.9562666002303,-660.4520738847044,0.3016442448917363,0.6359510856391205,1.0530095549909437,1.3988102255573491,-7,-35.31728251273344,0.033739150396437684
6,-637.57163646014,-663.5681647644498,-703.0236222306097,-762.7196895886087,0.39487091337311053,0.8395933416616744,1.199972195143126,1.4866715488484588,-6,-40.04999500848897,0.03835034968759345
7,-728.7357310999455,-755.738687000387,-800.6244842007171,-870.673846218731,0.49986166211985056,0.9056200280827211,1.2438809406736613,1.48570269835027,-5,-45.1818142614601,0.032200997843771936
