,Band 0 (MHz),Band 1 (MHz),Band 2 (MHz),Band 3 (MHz),Band 0 unc (MHz),Band 1 unc (MHz),Band 2 unc (MHz),Band 3 unc (MHz),RydDressPower (dBm)
0,-18.979155094500406,-21.944830974930504,-32.48980956440197,-32.48980956440197,1.0535855492789152,1.2711186982433367,1.4198265835170185,1.4198265835170185,-25
1,-23.86220525053502,-27.379718808162373,-39.3047464940771,-39.3047464940771,0.5903371033228204,0.7603529008111588,0.8621441313880268,0.8621441313880268,-24
2,-29.541226112735423,-32.975964770550284,-47.17194171359605,-47.17194171359605,1.325261346407368,1.584695541808504,1.8266517547401668,1.8266517547401668,-23
3,-37.91364090235215,-41.97297523251351,-56.32162567175828,-56.32162567175828,0.5361555576935798,0.8030274861647433,1.0991921213375782,1.0991921213375782,-22
4,-46.85782728556399,-51.601999451935306,-66.57684948355197,-66.57684948355197,0.45384866915133937,0.7359709674150208,1.0476535582722433,1.0476535582722433,-21
5,-56.92001099696987,-63.90587731807248,-78.64400024150743,-78.64400024150743,0.3911405572945538,0.6730458386372462,0.8951225402928876,0.8951225402928876,-20
6,-70.34857805729666,-79.14102021972204,-94.82384112722565,-94.82384112722565,0.3416780877015101,0.6422425254579637,0.8596988823523976,0.8596988823523976,-19
7,-85.80728618880798,-96.81738480310938,-111.67007504946642,-111.67007504946642,0.2815495813329749,0.6799253117062671,0.9241335048786368,0.9241335048786368,-18
