,Band 0 (MHz),Band 1 (MHz),Band 0 unc (MHz),Band 1 unc (MHz),RydDressPower (dBm)
0,-10.953383359763123,-6.273367132966811,0.6906488862199134,0.9746125410680749,-30
1,-13.900625498152934,-8.185986512177422,0.716260774542031,1.0206066646255614,-29
2,-17.39611648117924,-10.65166556717773,0.6816838971964168,1.0360297563103273,-28
3,-21.714924137191986,-13.299631871524326,0.7157392065944378,1.038574900219525,-27
4,-26.285826101144124,-15.938072581921077,0.6311395263125636,0.9677053781230668,-26
5,-32.344336474661404,-20.593980220965612,0.5434745744136067,0.8353144626447195,-25
6,-38.85824904488985,-25.661327336682874,0.5259160437419323,0.8178835453704997,-24
7,-46.230174994416096,-31.911116933132377,0.40415118650534154,0.6488248650674706,-23
