,Band 0 (MHz),Band 1 (MHz),Band 2 (MHz),Band 3 (MHz),Band 0 unc (MHz),Band 1 unc (MHz),Band 2 unc (MHz),Band 3 unc (MHz),RydDressPower (dBm)
0,-336.18684680626785,-359.8874429126272,-379.32261670545785,-406.5033165630535,0.1621578152364155,0.3199319791550506,0.5047820618006928,0.632949927051137,-10.0
1,-370.84232118623953,-394.5005111629141,-415.98405614064063,-447.2507396523357,0.1711895952528059,0.35814890933093313,0.5842073173144428,0.7520513461010172,-9.5
2,-400.716465791763,-425.684618281418,-448.51710028837897,-483.1339836288306,0.19372051389470035,0.38885526425769357,0.7244449335378209,0.9592664862735263,-9.0
3,-432.0535995547869,-458.10590081955263,-482.3497278989147,-521.9305918664878,0.2013621730002709,0.4266019436619827,0.7266013922190907,0.9387384210812237,-8.5
4,-467.73926608765044,-493.38669631103403,-520.7389788361031,-564.6599718568708,0.18834042459629483,0.4181274572019619,0.6532538625617952,0.836543001306955,-8.0
5,-504.8360964906741,-529.4206829779331,-559.0848976080653,-606.4083438920469,0.17733620683799978,0.5079327419885951,0.7715592675524382,0.9392287976019674,-7.5
6,-542.4200882820477,-568.0333787118232,-600.7230749192839,-653.5103283963141,0.18937189035186833,0.4083575139376482,0.6204628905578725,0.8004587789725596,-7.0
7,-583.5368600261795,-609.8811628557844,-645.4160694796775,-702.2193085635969,0.2060285986079947,0.5164193545805954,0.7927861544817943,1.0836720990833666,-6.5
8,-627.441834138252,-654.5004625582134,-694.9347899262496,-754.8798815570752,0.23073419390291613,0.5257308854187677,0.7999360074836553,1.0176693081571146,-6.0
